artist;id
Rob Zombie;3HVdAiMNjYrQIKlOGxoGh5
Marilyn Manson;2VYQTNDsvvKN9wmU5W7xpj
Fear Factory;74Hj7BmnUXyx2udrIEIKwX
Rammstein;6wWVKhxIU2cEi0K81v7HvP
Dope;7fWgqc4HJi3pcHhK8hKg2p
Filter;01WjpKiWVNurV5hjIadB8C
Static-X;7JDSHlDdVTo7aZKdQZ53Vf
Orgy;4uYwLU7k03RCQSRXGtQGg0
Skillet;49bzE5vRBRIota4qeHtQM8
Nine Inch Nails;0X380XXQSNBYuleKzav5UO
Motionless In White;6MwPCCR936cYfM1dLsGVnl
Coal Chamber;69k6uTSZMPLpSnhmLCiKxQ
Lindemann;65A714FqhSPjoFZeffQbTv
Powerman 5000;5imUS9dQyCbAjUEJJ9QyWC
Ministry;1DXylZlWbVvlckNqwvjTEt
OOMPH!;2mZITUvfEwrKlksoGpHTsM
Celldweller;4BKyei61gtyDFxlKhcvBJJ
3TEETH;4GHi4xklo0FT0l2CNuLFh2
Gothminister;2S3xwpueZpPVUDTTv7Wefx
Stabbing Westward;5daXMUbrPh8oX9Nd4CnToG
Erdling;1YbFcjdUGqumvNIWLVGcJK
SKYND;3Ca8UhvMDcgM1zyfAZGw3M
KMFDM;3V4IvzRQYP5mzuVtkcHgVa
Megaherz;4tM8qmqg5cEZPHNLNQwHeb
Skinny Puppy;5Mu0EMEsUIVE132pNMywns
Killing Joke;0Zy4ncr8h1jd7Nzr9946fD
Emigrate;29fyAsYdzkCIH96xB40um1
Turmion Kätilöt;76t3VPzCEYAlrZhVAY7yjg
Combichrist;5556RAgwP70PnXbaUTGNbR
Gravity Kills;3V3ChkwvlWDJtMFuOKfYiB
HEALTH;6FfjnGXMhxSsJTuGLWBDth
Ost+Front;2eYQ3xCgZtpkVQNgXlpuRs
Machines Of Loving Grace;7p8Z7MmqMYCa7ZKQKxRBKO
Blue Stahli;4DWnSG0RYPAds8EIKY26q3
My Life With The Thrill Kill Kult;7FfAD7EYZbQ7aHPy9ujduD
NA CHUI;7soJFrhNuBUefRervjk2kh
Pitchshifter;10aXVE8RSUCeMzaFvBnZ2i
American Head Charge;6Ig4qybKXgMN2FLSM7GKau
Eisbrecher;6ul6vL8Hg5jTulDi0Ac8ao
Rabbit Junk;3Cnkej21cJ1XgbAh98CbaS
Davey Suicide;0JX3GwUe9y5BS2WuQ3qxsV
Dope Stars Inc.;0b3Ih1VYdJfBfCPulSWBoA
Boom Kitty;3h4xRI8zK3aZygXhxNFjoR
Code Orange;6qtECqesbU29iftyeWmldK
Die Krupps;0iDagYU2nu7gTWMdtCxzxW
Deathstars;4Tg06Sex4LzwcgVdfRrHlp
Rave The Reqviem;1NcsVSxFdXsnwvE64zV9xX
Front 242;2tyMOS8xKREgpEwHnLc6EX
Lock The Basement;1zSnVk8QCuI5kAaNsfOQpi
Sister Machine Gun;7B4wpEyW6m6ptXf0OJzQId
Pain;0hGpZy6ws8FofByMkt0CV1
Godflesh;5A4ebXQf38xWIq0xSWLhsS
16Volt;4xhhi5wPHqN5vcYhUq1Jim
1000 Homo DJs;62G7ybeJSN91TgfsWsdDOb
Revolting Cocks;7vCJSBATlld5vDKTH87tpG
Zeromancer;0tQn2q1TIEenLgodtb8Nhx
PIG;5riS4sDqcjVAwvC37jxTP0
MDFMK;42rBYWqiCzxYUFQM0iKWwM
The Silverblack;0ckgPY5JROBCK0hB6tAG5r
Prick;4hILJw5uchW1ZZJO10icIz
Nitzer Ebb;7EnAgffrVyerTWH628TJ6f
Warg;5tza5SA5V9A6oB7QZbswuS
ÄURÄ LÍMITE;0YCjRt3Ww3f1ZBpVsRvzxn
Corpore;1WHzPE1qaIluBXddeqVMYE
CueStack;4LoOAdJreuAUms1QPSfyjG
Bile;7rBp0ChNSds53ArYsOJNSj
Darkcell;0DjpT3SNCqLQlHSGPD51Tp
Danny Elfman;5qBZETtyzfYnXOobDXbmcD
Ghostemane;3uL4UpqShC4p2x1dJutoRW
Processor;3PsLxyLABzuf3dUMpS05Mp
Edge Of Paradise;45MvWoWLKlKglPHeKiVlJY
Not My God;27tok8SdKheI4yBDfiIUGY
Skold;71Yh3iYxx17VectgWOMvUr
HORSKH;64HwzpdqXwxwkAWV5VEXIw
SCARLET;1ezwRjcVcSgr0HNIwRd2CN
Dawn Of Ashes;35Uzsa9o0tZkdC4ZBtXuNV
Ludovico Technique;1QLq3DjHn8KdTfUig43wP1
Oddko;1UVYxhc5UIS5VLvUXrSo81
Irving Force;1Hse4lep7I9RUgQ3Ro1NgX
Hexagonal Soul;0NfN2yc1sNwuiCOxgL4Vj2
Atland;1LCtXKlC1B2FaBnOkfi0eN
3lusion;2MP9ZvKAiGE67XSKIZ0j3u
Inyourface;3zwKlIQsezM4Sij06WEL9j
Ankhara;4c0CmlfLtocEfBgq5w289e
Donuts Hole;2MyxYxswuC6ydFyTWaij3F
Perspectives NY;0BVLKiunkGRU6dt2a29EK4
Comaniac;1Tw8PEH0Xep4pXOl6QtJjh
Avenged Sevenfold;0nmQIMXWTXfhgOBdNzhGOs
Five Finger Death Punch;5t28BP42x2axFnqOOMg3CM
Elegant Weapons;68LxTdkzuDW3cnp83NKfpQ
Metallica;2ye2Wgw4gimLv2eAKyk1NB
Nita Strauss;73GhYkwfPQzmfJb1cdPqPf
Ghost;1Qp56T7n950O3EGMsSl81D
System Of A Down;5eAWCfyUhZtHHtBdNk56l1
Of Mice & Men;4tususHNaR68xdgLstlGBA
Limp Bizkit;165ZgPlLkK7bf5bDoFc6Sb
In Flames;57ylwQTnFnIhJh4nu4rxCs
Ozzy Osbourne;6ZLTlhejhndI4Rh53vYhrY
Slipknot;05fG473iIaoy82BF1aGhL8
Deftones;6Ghvu1VvMGScGpOUJBAHNH
Korn;3RNrq3jvMZxD9ZyoOZbQOD
Falling In Reverse;2CmaKO2zEGJ1NWpS1yfVGz
Pantera;14pVkFUHDL207LzLHtSA18
Avatar;4jpaXieuls7LVzG1uma5Rs
Motörhead;1DFr97A9HnbV3SKTJFu62M
Black Sabbath;5M52tdBnJaKSvOpJGz8mfZ
Judas Priest;2tRsMl4eGxwoNabM08Dm4I
Twisted Sister;7b85ve82Sh36a3UAx74wut
Quiet Riot;1dLWg6m8RRhizsdqJbhyj3
Texas Hippie Coalition;6LG6fIvh2XpjqHUuR7NRtt
Alice Cooper;3EhbVgyfGd7HkpsagwL9GS
Killswitch Engage;37394IP6uhnjIpsawpMu4l
Poison;1fBCIkoPOPCDLUxGuWNvyo
Sabaton;3o2dn2O0FCVsWDFSh8qxgG
Godsmack;6gZq1Q6bdOxsUPUG1TaFbF
Mötley Crüe;0cc6vw3VN8YlIcvr1v7tBL
Architects;3ZztVuWxHzNpl0THurTFCv
Faith No More;6GbCJZrI318Ybm8mY36Of5
TOOL;2yEwvVSSSUkcLeSTNyHKh8
Bring Me The Horizon;1Ffb6ejR6Fe5IamqA5oRUF
White Zombie;0CF71zaDOJWCynIkW9bSK8
Disturbed;3TOqt5oJwL9BE2NG9MEwDa
Volbeat;0L5fC7Ogm2YwgqVCRcF1bT
Lamb of God;3JFsVIxOn7STeilPICkkB2
Nightwish;2NPduAUeLVsfIauhRwuft1
Slayer;1IQ2e1buppatiN1bxUVkrk
Helloween;4pQN0GB0fNEEOfQCaWotsY
Beast In Black;0rEuaTPLMhlViNCJrg3NEH
Ice Nine Kills;52qKfVcIV4GS8A8Vay2xtt
Dio;4CYeVo5iZbtYGBN4Isc3n6
Dream Theater;2aaLAng2L2aWD2FClzwiep
Cinderella;7HL4id2U7FSDJtfKQHMgQx
Shinedown;70BYFdaZbEKbeauJ670ysI
Type O Negative;0blJzvevdXrp21YeI2vbco
Arch Enemy;0DCw6lHkzh9t7f8Hb4Z0Sx
Accept;3JDIAtVrJdQ7GFOX26LYpv
Scorpions;27T030eWyCQRmDyuvr1kxY
Amon Amarth;3pulcT2wt7FEG10lQlqDJL
Testament;28hJdGN1Awf7u3ifk2lVkg
W.A.S.P.;3BVkDHWRvLJEyKdvhLbjsq
Suicide Silence;6HZr7Fs2VfV1PYHIwo8Ylc
Anthrax;3JysSUOyfVs1UQ0UaESheP
Trivium;278ZYwGhdK6QTzE3MFePnP
Manowar;4CzUzn54Cp9TQr6a7JIlMZ
Bury Tomorrow;6BD4lgmnh4vy6kkCaZRDWt
Machine Head;0lVlNsuGaOr9vMHCZIAKMt
Deep Purple;568ZhdwyaiCyOGJRtNYhWf
Wage War;6bu7CtcOMWcS0BMq7snHW6
Gojira;0GDGKpJFhVpcjIGF8N6Ewt
Megadeth;1Yox196W7bzVNZI7RBaPnf
Mastodon;1Dvfqq39HxvCJ3GvfeIFuT
We Came As Romans;6qO6LhD6FuXK5e2PtfAIMz
Parkway Drive;159qqlGwzE04xyqpfAwRLo
Hatebreed;17Mb968quDHpjCkIyq30QV
A Day To Remember;4NiJW4q9ichVqL1aUsgGAN
Def Leppard;6H1RjVyNruCmrBEWRbD0VZ
Iron Maiden;6mdiAmATAx73kdxrNrnlao
Prong;6SER9tY2pDIDVWVf5Ql97B
Amaranthe;2KaW48xlLnXC2v8tvyhWsa
Dokken;09hNSPPOxDop4FRdr6UEnq
Sepultura;6JW8wliOEwaDZ231ZY7cf4
Soil;4PoYwGOztIrPpBfRIlMSxP
Within Temptation;3hE8S8ohRErocpkY7uJW4a
Atreyu;3LkSiHbjqOHCKCqBfEZOTv
Exodus;76S65NHJHrNy4JTrXHP2BH
Kyuss;3HCpwNmFp2rvjkdjTs4uxs
Suicidal Tendencies;3WPKDlucMsXH6FC1XaclZC
While She Sleeps;38LdIuxB548zgHoEY2AN7a
Gemini Syndrome;5plcM0NxqZcnAWQVECcjWN
Asking Alexandria;1caBfBEapzw8z2Qz9q0OaQ
Skid Row;4opTS86dN9uO313J9CE8xg
Beartooth;6vwjIs0tbIiseJMR3pqwiL
Battle Beast;7k5jeohQCF20a8foBD9ize
Death;4f5V3PQ66nIrBCqugJtaGn
The Ghost Inside;6kQB2RN7WwryMdJ1MoQh1E
At The Gates;6YXarbjg36ODFPez0PnOlD
Light The Torch;6RIRplpyp79REfeBrvW8rH
Cyhra;6tkhw6PSVw7b2M7h5fLBLE
Bullet For My Valentine;7iWiAD5LLKyiox2grgfmUT
Conquer Divide;4ZznAOb4aE3va5Jz1iDpjc
Satyricon;221Rd0FvVxMx7eCbWqjiKd
Eva Under Fire;4CqPd0j1VupcPYQRTMBn1c
Saxon;71vVmHeNgCVSa5SVmfvscU
Dimmu Borgir;6e8ISIsI7UQZPyEorefAhK
Corrosion Of Conformity;1BBIIH0h76KN8gYeXFcPjR
Dream Evil;1bkf8u8ot6vEpWTJFBzKZB
Tungsten;529eA6ZaD8bWorDonM2wnm
Biohazard;3nhxXtHwC2TookQyqQlFK1
Black Veil Brides;6O7MpKrY91vlCd4Osi6XKs
Cradle Of Filth;0NTSMFFapnyZfvmCwzcYPd
Meshuggah;3ggwAqZD3lyT2sbovlmfQY
Powerwolf;5HFkc3t0HYETL4JeEbDB1v
Counterparts;5LyRnL0rysObxDRxzSfV1z
Slaughter to Prevail;24Oiw7BlvO1BETecDLJt6m
Andrew Hulshult;7wjvo55aw6958lhNBlodwt
I Prevail;3Uobr6LgQpBbk6k4QGAb3V
Helstar;4AqUiufKqVihh6uAMonwCv
Black Label Society;0zfT626RwO6zN3RDYeRit5
Saltwound;5Fim4esoV1D1hRTcPW73IP
CORPSE;7yntSJ6uojO3z6GFUVwhAW
Metalocalypse: Dethklok;7u12AuhJ5AaJIgZAZe0US8
Drowning Pool;1E4r4z7ivGUcSAnCbINJ9v
Death Decline;1bgeQljXQlY64QQSQ7DgEe
Patient Sixty-Seven;1wklENd4yCkEW1u0fkJR2c
Currents;5pqvAI85RMxL9K0xHvSwGu
Upon A Burning Body;1bPBx2qbpWzEoLujeHC3G7
Entombed;2pnezMcaiTHfGmgmGQjLsB
Suffocation;4ItRDIouodpnW6nm4TYDk1
Obituary;0SbGI4sb8dAKFZnK7RFyhz
Deicide;2K3GorTixXKAiwe2t9lO89
Nile;3v3VSKylQE69ztn5TUVlFE
Morbid Angel;35jmO5o3AhUV70kiR7u4Nw
Dying Fetus;2DqzOWVL2ly48IA9bpZdie
Asphyx;2eIvR1DzWm5GAufWC2rcGr
Bloodbath;7eYmDBinb760MUIfoRdlGQ
Cannibal Corpse;0yLwGBQiBqhXOvmTfH2A7n
Bolt Thrower;3EbMlZ7ZKmFWPTHrLzpzvs
Dismember;09OwM7iXyoFAOzQUlWeDgB
Immolation;3rt16vhD1OuULlsyxUUWIt
Carcass;5lhaM01nwvsMZpmPY2HVER
Six Feet Under;4pFAF1L1tYnJHLe5hgyKuI
Cryptopsy;29PgYwTelpNl6370XLqFtN
Decapitated;17MbhJOaaPHuWnRaWU9xkc
Terrorizer;09eXH2A1Zi3E7MZJXGg5oG
Bloodred Hourglass;5LDGgIxaWuRV4KlY6oob6b
Rotting Christ;7FhkwcO8Jd7BRWdllBpXBJ
Insomnium;3uIgLG971oRM5fe6v8lvQS
Stormtide;59NOLafcoD49sfklLV9SYW
Equilibrium;5KvkOKroKLz202ioXfGWR2
Be'lakor;7qUcsMCdIHrs2LOZlmciQp
Frosttide;4nODZjLMULjW8WMW3tRGlZ
Brymir;3YDtlBGmfvE2Xw0avhHeK5
Naglfar;1WV0pMUfO5UZ3MXfZrTohr
Ensiferum;0krXCIkthz13P8o0v2tksH
D.A.M.;28ramoq2sDM991tyzDSzAp
Dead Shape Figure;46DVPQCO8UEj3kYDLzYHJM
Wintersun;6ui6SwChan7c1KYBQCqGKV
Dark Tranquillity;5EHvXKnNz78jkAVgTQLQ5O
Norther;7FYqu76teK16FSlw4ZYFhW
Vektor;09mNj9XgCqgg6usfeXOoBg
Children Of Bodom;1xUhNgw4eJDZfvumIpcz1B
Kalmah;2YPVtFn6SsYNntkmrdDpGF
Hypocrisy;73UIalJYgktSi7qQFV53Qv
Dissection;6qpmcQfxhmNxNMCJUrpHwe
Beyond Creation;3HBOxN9iagI9Ot1kTHpPX8
Countless Skies;4C2Ql0yYOdgv6yYiWfJ7jd
Wolfheart;11EAP8MX0cfrW9lzkK424H
Parasite Inc.;54T3fmk25giTpL4mBmqIHy
Impaled Nazarene;4Q7d9egO7iMngBWfgvm57d
Shade Empire;7vdH23uIvKDe36XYLQZTeH
Eluveitie;5X0N2k3qMnI8kSrGJT3kfT
Eternal Tears Of Sorrow;3rdFnKhyWhTivuBFSH4YT3
Evocation;7lElOfiXTMsnCCr5wfw059
Dark The Suns;7ldEIhfppQqruChWjVKgeE
Sirenia;5FXMcILCOMjljRTV6cLoiE
Heaven Shall Burn;4sy5qWfwUwpGYBnCKnwfcW
SuidAkrA;77H7WLYHNHy0klUy1fGXIi
Mors Principium Est;1k0jnWb55QS6FjTU9LzMhi
The last hangmen;5WYkWw6KzvyZleoVIGabxV
Lacrimas Profundere;4LtKoRSDo1uGlaGGEqsIhz
Shylmagoghnar;0sfWl1dWLgEtMy9oFnNoDA
Haggard;7wHPtfK57nbFkg3k16BV5O
Noumena;4vWgFBf8pMnDHVq2CTWvvL
Imperanon;4ynrvqlHgWq7C3vQO5Rlyr
Eye of the Enemy;2kZFz0oADF6cgGnqURtvNb
Varg;4QjcHVaUB35395GeUoRIfZ
Nekrogoblikon;3FILKvtNoiEfCJO9qVNCNF
Harakiri for the Sky;58KBq6qkQnfWYRqCjffQQq
King of Asgard;7AUos3yuM9KT0qeTJuMCfz
Sylosis;2RiGIRDi4GoJpDbjDnPVJl
Mar de Grises;5LtQfBRtAfAvDlYlDzpAqV
Made Of Hate;1BF0aa62IknlGAF8zDEJ9L
Satariel;5fe4O4ii7ksKPCnV7k6UtS
Heathen Foray;31Tfxkj0HCfFgEjluRPSMi
Uada;30R8X3xhfDbxAcfxSZ0UaQ
Fleshgod Apocalypse;5ctFffJBdJe8PZL7W7NeML
Finntroll;4ZgkHVHmGPXuRy8zd26ZJX
In Mourning;0gsIXiV7rw5I9wJaxgoOdB
HAVAMAL;6ldp4tSRbPDs5VA2w9KXmD
Dark Oath;3Oc3JnQKIW7ZNPXS0yf6QV
Kreator;3BM0EaYmkKWuPmmHFUTQHv
Whispered;0cBiR10Zh0R2zJJmcxhNFS
Omnium Gatherum;52xuvlUvnxqH0xzxGPKXSu
Vorna;3uQtxIjBgrF7vGOt54useD
Behemoth;1MK0sGeyTNkbefYGj673e9
Folkheim;0Ops4tGcYRQyhnic18QUcu
Misery Index;1kTUJy3zL57iEANLB9FpIA
Old Man's Child;4LT73i2bqTazQQkmODMaYf
Verikalpa;5tqZo146ewkPULPWNGPdq3
The Halo Effect;2qvK5iLLoDV5mJeAvh5uka
Before The Dawn;6L77qXFnXb7Tac7xzPa0Y7
Deals Death;4uPWvwgl5qwMLqyUSZPhnv
The Black Dahlia Murder;4xTDPgk4jHCF0qui3dH6BS
Kataklysm;7kozeGeawfP7IEEL6dddrM
Ingested;0EziqO4Mehje1x6hA1Fg2m
Cattle Decapitation;67ZMMtA88DDO0gTuRrzGjn
Necrophagist;22GSc8UsPGIP5mrM4W57rY
Cerebral Bore;0bamlDtTg8xXwgG4nd59bg
The Agony Scene;74yhbgDkPbVWHZ0VmNi5M9
Acrania;6D3PbIyyqH2NaqPZSE6X5N
Trepalium;3pATZUlAMs8cUMP5q8fAhg
The Red Shore;5a1lvPSVcPerhAFNPR7PCw
Martyr Defiled;3SsgzNhEvdhJV7viv0clbc
Aeon;3thZAdDkh3yDo21gLptJTc
Abnormality;3G6H6ma3AVOx4Wu9J6IIPp
A Different Breed Of Killer;6pfHJrwZvH8o0tzIvRxjjj
Suffokate;1z33NUnc0GQ95Id4wVkxaC
The Agonist;3NrGqWwh6dKk99v1UFqQak
Spawn of Possession;0ZCbQOOfTwQacCamoOxx0D
Make Them Suffer;0FZcPgWI3BsFQl4rOAGSHT
Annotations Of An Autopsy;0Bwt1B6EdOHjjOTxlHbtR1
Within Destruction;1kAX4yFdmR0hJe2tPu1785
Infant Annihilator;6eSSPyqys0J4j0kdi3hFrR
Burning The Masses;3IkHSmNGUPkyrRFIc8Ly83
Dethklok;1bYptr95rEofNKkQJ8R98B
Psychostick;2kfVqdz3lJshqH9GUHhtMr
Despised Icon;3MjNMjqBpaQ0P8ebfbZjYn
Conducting From The Grave;4RwCcFq1OnRF3cRnZVlVp7
Beneath The Massacre;5E2FPuRWzBojRkL6CwyBzw
Left to the Wolves;6ybjz6jBkOOief05pUdbw7
Pathology;0YLsaJh7FiEOYZugiIE2o3
Soreption;3op8jh8NUpjo5xypJHNbfp
Cytotoxin;4CIwd3LXEtN3xLe7PwWMNF
Existence Has Failed;2ZZ7CfHbXeQRGxZDLJd08x
Devourment;47aXAyH6vI3y70PKyGldNG
Inactive Messiah;0Q63Dlm6WnmRjhiD8bY7Db
Amon Amarth feat. Doro Pesch;4aQlHXvx0xckYPPdSoY0w5
Serpentine Dominion;1sVLjb3WE5pzcnOvpJbHL0
Jinjer;7o6cOczXTB8ioTAAJTbESf
Boris The Blade;2A29DtGB7jTFgF7f5rMJja
Ion Dissonance;3KjkcT0s7a7JDlzsXffnDo
So This Is Suffering;7t6iAou9OfWqHvMkyQZKBS
Resist The Thought;48RlvjoKZtNIcimFZ6BDbL
All Shall Perish;7GkGdNLPzWw4e6ctwKvI2x
Ringworm;1mVvXNKbCaUapInbgHCDRV
Tormention;6OFrlXsD4PeRESoec3dhvK
Shadow of Intent;76xrrejizyQpKukBIhnf3D
Textures;6v9XKyEf4HKmUMr3D6weIO
Dark Sermon;20PEPG7sErujoynGeHSKnU
Demolition Hammer;08f6MNQouECEKggLSLEBRQ
Hopelezz;22pkvBOwXEBUteHT48Op8Y
Carnifex;4nqY8hkQNkHaDq4fdVxdYr
Katalepsy;5YhUdrpk2poH0o5B8DOa8w
Carnal Decay;1ffB8e0iyTKE5WDupIVVrG
Fit For An Autopsy;0qJpY7K8p7g6sacvaGNt6i
Analepsy;2JxqeYkP4fyEgF1kid8UCJ
Abhorrent Decimation;0E9FMsXhEIhozPgvmLNrGY
Shadows Fall;1HaiS1sFo8qkc6tF5Mw1M0
Until We Die;2P8coDimWPL7MUqCsgQpMN
Broken Hope;7yFcBZceMVuvIoTnZXprFd
Cannibal Grandpa;32IWsFBTb2FQvUKRsNLkTO
Fleshmeadow;316OT6STPtIWGsMm2jUIsg
Acranius;3pQynkPJgCgmfoIQnGvZKG
Austrian Death Machine;0oxUux1OSwZpIpSK0JbqSS
Skulldrain;0ns8EhOJsnFfFT5lyPrj5t
Destruction;5d6KI8frPEo3qGsIL8Sak2
Autopsy;6hR8mUd2yyHFazoCuweiIJ
Mayhem;0dR10i73opHXuRuLbgxltM
Deserted Fear;3CDoiu519MbxFWcwRFH7cH
Black Therapy;65EutJ2KiihwBG7XDqbf1H
Era of Discord;55Fqy3vbvQINBqReunQbvJ
Cenotaph;2x0g8ynzsIZARjOCXhHJ45
Beheaded;4J08tm60Pk8FMQynk0Up4o
Putridity;7aQXgfLHE9x6gKrrE2zf6q
Logistic Slaughter;1I471vwcRhqQl6QonGZlen
Narcotic Wasteland;5IQ8MRD09PzTIzldUag7rD
Septic Congestion;5ov1F4UudjlgqTEizJ3rne
In Reverence;6RsJSn1A0g7nhMXoj2guPa
Pyaemia;5EkQzRgbvHYEeZutI8ujQ5
Incantation;66AXpP038gUcoKVQoO98Fz
Tragacanth;4xmplEwXW1tkJbRfuutqBU
Annihilist;0xawRIia3JJrTxAgQQsiD9
Hollow Prophet;6ogDfDc9YxecJUrpm9etXZ
Rings of Saturn;67Zm35qXdPzYfl1c3M0toJ
Abominable Putridity;4gJMeUuNoD9eeKZkOHLWMO
Gorepig;4ePO8vOW1BaqnzDUTd5pMo
Snuffed on Sight;7o56ORTn1ftm2wC0l3INdg
The Contortionist;7nCgNmfYJcsVy3vOOzExYS
Lorna Shore;6vXYoy8ouRVib302zxaxFF
The HU;0b2B3PwcYzQAhuJacmcYgc
Jelly Roll;19k8AgwwTSxeaxkOuCQEJs
Bad Omens;3Ri4H12KFyu98LMjSoij5V
Linkin Park;6XyY86QOPPrYVGvF9ch6wz
Guns N' Roses;3qm84nBOXUEQ2vnTfUTTFC
Corey Taylor;0nhDd1RWjZ6SDV1Vg1Ku2Q
Ayron Jones;1iEaqWaYpKo9x0OrEq7Q7z
Måneskin;0lAWpj5szCSwM4rUMHYmrr
Catch Your Breath;2fqPOGxG12nEERj8YG7p22
Three Days Grace;2xiIXseIJcq3nG7C8fHeBj
Papa Roach;4RddZ3iHvSpGV4dvATac9X
The Smashing Pumpkins;40Yq4vzPs9VNUrIBG5Jr2i
STARSET;0kD8IT1CzF7js2XKM9lLLa
Nickelback;6deZN1bslXzeGvOLaLMOIF
Muse;12Chz98pHFMPJEknJQMWvI
HARDY;5QNm7E7RU2m64l6Gliu8Oy
Daughtry;5P5FTygHyx2G57oszR3Wot
Story Of The Year;0KDuKk6YdEu3hR56HtXmxt
From Ashes to New;4HrkLxQHZ5mgCtIVpiH5QX
Foo Fighters;7jy3rLJdDQY21OgRLCZ9sD
The Warning;2SmW1lFlBJn4IfBzBZDlSh
Skindred;3jTlKw98Ql1jGRPYqhqHap
10 Years;0REMf7H0VP6DwfZ9MbuWph
Fame on Fire;10Z7WzKMeIdNBKexi1YarP
The Struts;3lDpdwM8KILepMHqBWUhIA
Saliva;5S6hjAxgxjsLylsTtMIimO
Dorothy;6IOvhXyk5edbA2DVaeP9Up
Gutter Grinders;5OwtTivjNpwddFWRKjOoyz
Jet Fuel & Ginger Ales;1dPgPwYz4zapkdMwTIxq7y
The Grunge Growlers;0JpwHe11MFhd77gsR9TNT4
Danzig;34c4iQ5tkaZKu6Sv28BTde
KISS;07XSN3sPlIlB2L2XNcTwJw
The Tano Jones Revelry;1a6byxNVUu6vBv7XIh62rL
Eastern Thrills;7rvhhrFPLui1EZewolgYjE
GXTP;7aJ0lXaVRlmeij1J0NrrFK
Mike Mains & The Branches;0OCgRH2JnfJo0nNDJzEG0Q
Rainbow;6SLAMfhOi7UJI0fMztaK0m
Penny Harlow;3cfPaG0svAOypkJc1t3rdr
Savage Sons;1YEEbHKA7t5pYoNnjtHSzP
Queen;1dfeR4HaWDbWqFHLkxsg1d
Soundgarden;5xUf6j4upBrXZPg6AI4MRK
Golden Earring;1iTlOqIrZy8DlvCPJY2sjS
DragonForce;2pH3wEn4eYlMMIIQyKPbVR
WWE;0spHbv2fw49lDMkbOAdaqX
Van Halen;2cnMpRsOVqtPMfq7YiFE6K
AC/DC;711MCceyCBcFnzjGY4Q7Un
Led Zeppelin;36QJpDe2go2KgaRleHCDTp
Ted Nugent;21ysNsPzHdqYN2fQ75ZswG
Aerosmith;7Ey4PD4MYsKc5I2dolUwbH
Steppenwolf;1WRM9i067hd2ujxxi8FI3m
Yngwie Malmsteen;5DpSoH5zCXNRqYai7pmcGG
Venom;5fwaejlOHVBAw1KhIPPaQe
Europe;7Js6Lde8thlIHXggv2SCBz
Gary Moore;23wr9RJZg0PmYvVFyNkQ4j
Billy Squier;3Fz2GbraVXhcpXnoi2Oe1r
Probot;3up7wqUGMUTm0184V57RTH
Ratt;3tufWJzpCiAGleBt5TkmTn
Iced Earth;3KEixcRfBS5K3E91Vn1Kdy
Sammy Hagar;1hXjTjJzZTXDZ75AclOo6N
Tesla;0dgnITyIAN4NrmUVisvxHU
UFO;2Omy3P5hFZym7FKum1JA1s
Nazareth;6fvN9GmMCVKb5LY0WsnjFP
Seether;6B5c4sch27tWHAGdarpPaW
Crossfade;4IR8ZkpbyyKrqsIzchF3NB
Breaking Benjamin;5BtHciL0e0zOP7prIHn3pP
Alice In Chains;64tNsm6TnZe2zpcMVMOoHL
Sick Puppies;7qAcXJgt1PWnxwUgxMdyuk
The Cult;49DW3KvkyjHO35mK1JnSyS
Mudvayne;2Pfv2w8a20xzC7Dr7QXRqM
Adelitas Way;1ZjAT2nTrzDIXFfsQ2hWJk
All That Remains;2zgG1GPDvjaBgxeQaVXI14
Cold;0Gw3a3BkWLwsMLFbOBmo6Q
Velvet Revolver;7CHilrn81OdYjkh4uSVnYM
Chevelle;56dO9zeHKuU5Gvfc2kxHNw
Polaris;0v2e0oznnTaIXKLGKHphfX
Northlane;3qyg72RGnGdF521zMU02u9
ERRA;2UoOdQyBGyzrEfxcY77ce0
As I Lay Dying;2vd2HnNh4pdYa9gDVHFjEu
The Amity Affliction;6kNKUYGn6VNGsRoXmyoDPK
Fit For A King;0OgdRTPItr9dw4XYp4JJUx
The Devil Wears Prada;0NbQe5CNgh4YApOCDuHSjb
blessthefall;7t2C8WwLyKUKRe0LVh8zl9
Alpha Wolf;2tjnvrUmP46XNjFh9V0NGc
Kingdom Of Giants;77rcxvpDqP78d90dL3DNNe
LANDMVRKS;6G43CiunIxMwb2tQ12vNP6
The Word Alive;1CF8aEN939swnuIZGFI7Hk
Invent Animate;3ALVPmg5sZexSVD2m9atEt
The Plot In You;1cJ5tVoeAEFcZBAwSZ0CtF
ILLENIUM;45eNHdiiabvmbp4erw26rg
Point North;5Vp7LqcfAtx2U1RfIX8i7r
Magnolia Park;7B76SsfzG0wWk1WEvGzCmY
Boston Manor;4WjeQi9wm84lYTIWZ95QoM
Silverstein;1Tsag5J854qxeOo2apszug
Whitechapel;5274obTQJjzjyycRyJlfml
The Browning;4DSNcg40nf6T3eNAObq1Lo
Rise Against;6Wr3hh341P84m3EI8qdn9O
Thousand Foot Krutch;6GfiCQDFYANz5wUkSmb3Dr
Enter Shikari;31jvzuB4ikftPQZJwrYfCF
In This Moment;6tbLPxj1uQ6vsRQZI2YFCT
Speaking With Ghosts;3Ocx919y0i0nsFkn3JRNGF
Crossfaith;3gfA40vRbx6YX8oCDXDCDh
After The Burial;0uNj4RxFjG0iVPlZS753en
Evergreen Terrace;5YQUrpDa5dkmo9Vk8hHQP9
Electric Callboy;1WNoKxsp715jez1Td4vthc
Panic! At The Disco;20JZFwl6HVl6yg8a4H3ZqK
Escape the Fate;5ojhEavq6altxW8fWIlLum
Die Ärzte;0cbL6CYnRqpAxf1evwUVQD
DON BROCO;1aOt6LvXOV6I8dv1A5Diia
Brand of Sacrifice;4d6Rawrese4OLF1zZCztod
Zero 9:36;1V599H9vfq6hWe2hGzyzI0
New Medicine;3driPpCh1JEUnPFKGyHXDr
Pop Evil;1pRaG81GsVtaTBuVSpldt2
Betraying The Martyrs;4tEWLl4loWFLgs25trNnro
Hollow Front;50YmW8f4U5IxTIwYI9mGAe
NOTHING MORE;39VNwvlQTqE9SvgPjjnMpc
Miss May I;2OTuoIi28WybVbVcykc237
Future Palace;4QnuZOyl4C9d1keyOZXJ21
Bilmuri;5Rc75vGFBWZPgL7EXb4k89
Sleep Token;2n2RSaZqBuUUukhbLlpnE6
Gideon;3Zj2B8yAi8gHoR8vpsPatZ
P.O.D.;6KO6G41BBLTDNYOLefWTMU
Thirty Seconds To Mars;0RqtSIYZmd4fiBKVFqyIqD
Emmure;1C62FV9Cltn9L4c9jAwCyk
Hollywood Undead;0CEFCo8288kQU7mJi25s6E
Monuments;71IBhhBhtPLZ8OyVuXOw77
FEVER 333;1B0155rdv175D1tQ8VH7Oy
Another Day Dawns;3iiWib88qMEYbSvpREAf8k
GHØSTKID;2ooWmQC4NQUQZ3z00mZQyK
Slope;24ExnkYwR4QoLamXGi4sOR
Allt;6YRr0btzGqfQ5K7r23qjEM
Blind Channel;3L58J6a7f0jyy2p6f3MSAs
Caliban;1oeo6cC9Fqa2bxxv67qBQL
Unearth;44wJRGNtWywCUJZug8FJg3
Imminence;7rqJQQxuUOCk052MK5kLsH
Samurai Pizza Cats;6f0FWL5v2c3a5shWKRuiwq
Jesus Piece;5ZPr0RHsR3DrAhtsYMsfHR
Bleed From Within;5ZvwJikDgdP1PFU4PkAPVG
As Everything Unfolds;28IImD2QqPWTQ2cWgOMQNT
Annisokay;7lAi1Cv19DsukgGjbZQxFg
Humanity's Last Breath;7nKz8GVqHk0bUGmBm6wm3E
Signs of the Swarm;0yxJx8OEyDfd7dzLsFuNrS
Ov Sulfur;7DZ58DvASCdGxYBdET8fbC
Chelsea Grin;4UgQ3EFa8fEeaIEg54uV5b
Thy Art Is Murder;3et9upNERQI5IYt5jEDTxM
Distant;7dfpBi0QvO9FmlhBK6XHwJ
Knocked Loose;4qrHkx5cgWIslciLXUMrYw
To The Grave;3jr9qsKWQjf3iMNQ3rWVDQ
Paleface Swiss;467M2s2YxXdlL2ZpDUNL3A
Will Ramos;0LQyNolD82BRJeXoEr4bwa
Hunt the Dinosaur;0Soz973Ih3ocID7FOktNpv
PROJECT: VENGEANCE;7HcrrlXGMsiC4nteuArgi9
Left to Suffer;36d1uVy1ZuZWqfnsPxCUOk
Crystal Lake;0A7d0PJxaLO7CGI94ht6PX
Veil Of Maya;2i7CQcVBh2K6uOR3CH09M1
Distinguisher;2SAUkgFRLdVSLxMzT85HSc
Bodysnatcher;2tCl0ipvwJJRJLAuIGf6tm
Brojob;180Rv5adp0TxkQUawZM0wG
Mental Cruelty;2iE1NqruxoSxTvOpTCLkE9
ten56.;28dpy0DQotTkBXcTlniQii
Angelmaker;1AdrYGYDz4oa9dvW2jfFrG
Carcosa;2bhtSpyMNiPZJlkisy4T9G
Enterprise Earth;1l3cAmALCtGbjWGVtRwhoh
Tactosa;1maC5DWQKBAQqmjfp3qCpI
Aviana;1AvLltBsz1HdAtZeucm9zy
Mugshot;0EVz5xkkf68l8QXvlmKDYB
Cavalera Conspiracy;7F1K4WlMshx23V2TTz4KwV
August Burns Red;5p9CTsn5ueGU4oScNX1axu
Viscera;4jBjMnUHg8VCv9HM7KKbFd
Crown Magnetar;0DlST2L7efoM5Lb0uxG3Tx
Chamber;0Iv7bsODzqbmMkC6pylYYN
The Acacia Strain;4tDkeVxH0CSkNiLVrsYmQs
Convictions;0PNbGkwlV3farYnmoojYAY
Traitors;1GkXxneFQE4d5YTsrbN6Ya
Spite;2DynE7m1BMVl4hQMvCXXq0
Impending Doom;0sxW2BJTemkPy8tDeO1s0t
Archspire;7F9ZL4TJNr8AoU0UUQX8ih
Sold Soul;2X2KBI2OrNMci6TDQAXCA6
Shrine of Malice;6NPqqqYcR7tAEHL4ORm6pQ
For the Likes of You;1IeBTpaPY7xQtxqbxXa9qC
VEXED;4ZwENj9UHL3ujCD3k7DfNH
Varials;6EFV3PmaXblKwNbvpkGv9l
DeadSquad;2By8ec9DQOnN2aiiFyrQ82
Phinehas;1GHGBOI7I9FJfvhJe7e3A0
Oceans Ate Alaska;48zUWAXpgEXfpttz23pCNQ
The Ogre Packet Slammers;7zSuK84B2D61DFzsOPQrev
Our Hollow, Our Home;6zrSK4adBQJaCJuhGNKJEl
Octopus Montage;1fTRB21pCaxDms0xwplYiG
Bleeding Through;41btkKEfOGIHsd7WNahMCi
Abbie Falls;5nSlRGZqJVAORU3SsSD0YU
Within The Ruins;5mscNJ6lE9Kj7tWv4iCk7y
Defamed;5Yu9Nd4YF69bAfAaoqIg5r
Monasteries;2EaeVm1MjlVtsUV0ebT0vB
Assemble the Chariots;6MWE8Xn602R4dRfbmJaNRJ
Vulvodynia;3Gqp4F4hxnfH2txPKU5J2J
Corpsegrinder;2W2H6mzoE0HqDLM7ux6FbO
Gravemind;2GaM9ww6p0aBZ8omjfINAH
CABAL;2bfK6ltXa60B2egnErJvlO
Drown This City;0miE6U5IB1KocKNfn8Cxt7
Drag Me Out;2dg4ezhcEZKGGNJkCqbvHB
Termina;5so7YSsRh7TGtWfkRZ2fbo
NOCTURNAL BLOODLUST;3ufWwEY2l678hzrJLBgn4N
A Wake in Providence;60HAu8nsOGLPFtOOvar9wa
Krosis;7gfEb4adETwNZgWLUlcHQy
REXORIA;5oMfYeXrlGFv6DgrQ6zCtK
Metalite;18RXUrxy1BYOOvrW0XuFBg
Kamelot;7gTbq5nTZGQIUgjEGXQpOS
Majestica;52lkxAYfC9ypaPJ2EB22ki
Dynazty;5deRBvKxJssHVa9n6B7tWV
Elvenking;09b5OcuIELTdD7FfzQzcdB
Temperance;0WHhPa7TmqQASabtpYsa5J
Cain's Offering;09EwLsoJmivFrBl0yisGDE
Follow The Cipher;0r6IrOHMBaKiiZPV1zeIu2
Brothers of Metal;0WPCPYm5IDNtQjuJOGNPcy
Ancient Bards;3ZlSRBv3StWrGuGTAwKskP
Bloodbound;6nf7iwR6AoROxfUKZWd1r6
Serious Black;27UjipLlCeXegs8PLpcJPV
Saint Deamon;3N3B6aZbGPNDiW5aZesnoG
Masterplan;1OHNvr18TssBKYK0A75yvx
Stratovarius;1O8CSXsPwEqxcoBE360PPO
Dionysus;39AhZ0oT49zA0WOAbfHVMM
Beyond The Black;6swnqiL41Bd4gO2fnAXXrf
Heavenly;7j3etSXgd9ZLYIUW7KWnpd
Eleine;2L2rV1gDa17HwFcFCWBIAx
The Dark Side of the Moon;7mkJGPq0wt04Wz4xyWsGEm
Wind Rose;67ps5pbKVO7V9Fcb4lTIXz
Jonathan Young;2IeMt1qx6ZVt1HFjdfE5tl
Gloryhammer;7dkEByOe0oHqc54qU4hwzV
Visions of Atlantis;5kanN1nKzrkW1m2gZmo82x
Arion;0c09mxGbMHuFLpPJMY6JdA
Mortemia;5RUUgjv8Q0H2osxIC3AYBi
Therion;5c8Cw62ZYj9XO6iDLRDEsi
Blackbriar;6PXQUX3BYTSVj7LcvviOmI
Epica;5HA5aLY3jJV7eimXWkRBBp
Blind Guardian;7jxJ25p0pPjk0MStloN6o6
HammerFall;2o18h28enlHxj887tATc58
Korpiklaani;521Yl3LUvD7G9dMRO4fpCy
Xandria;1jzIEzXVJ4p1kFDmio6LEL
Rhapsody Of Fire;2GnCQNJbs4xqFulqAdAg2U
Ad Infinitum;2X3qFQFHkm1sOGo5ppIoSD
Avantasia;1Ih0fEQQsy9EeAJbYEeQRa
Delain;6pIRdCtSE5hLFfIfcTAicI
Septicflesh;5MlEt7qqXqNSReeX76xK6b
Crimson Sun;6swg1JhIcRgZCqAHi3MDp9
Megaraptor;1I98HSdBKIcRpCmd839ZyA
Floor Jansen;2ZNTJ9Bu9QMJwBboMSpQgJ
Evergrey;4S0foX2r0RlC12KBW8u73D
Dawn of Destiny;6AOHVA5mVwHahUw5H4Fa45
Eye of Melian;4o6EEebyNsDyI14s2jnB4G
Nekonomicon;0LRsDKh8RR88ZyqNDw52hB
Hulkoff;2ztj3MdrAuEMrU1P4HrZwH
Moonlight Haze;1J9Jg6CEtjR3C4SFXz1elX
Civil War;6lGzC0JJCotCU9QZ2Lgi8T
Alestorm;3OpqU68JpZlzvjAJj3B2Da
Dark Princess;1uy1Q1ri5F7S3Mct15kJPN
Eklipse;6kART38d9tWb1yOcSO40YH
Pagefire;1gKEQdxsZV3e97GIhOwTmF
Memoremains;59YzmPPL4s9KUfV4kqWYS1
Power Quest;0m9MRvdIdPp3cR1JkaEVip
Dark Sarah;6TvwiAPxsB2Zj2o8bNlogk
After Forever;6ISyfZw4EVt16zhmH2lvxp
Carpenter Brut;1l2oLiukA9i5jEtIyNWIEP
Veonity;3Zero2Ovi9miqMvjcNpobH
Nocturna;3Eo8pwg5OKX59PKpAFfPqX
Frozen Crown;6hbGneO1qRnmz6xflK4n8E
Jani Liimatainen;15o2IVJ6hHAxdBBvAjjtn9
In Victory;56rg8R5k95tY2jT4cQPyK3
Scar Symmetry;2PQVMx0BpRQhzMWLa7X0T6
Nightrage;6dhqzgrbFggOBns03STnU3
Words Of Farewell;1tcrgTKBUpGVRGnPz4breO
Soilwork;7wqP36o9lqWteOCxBnXlwx
The Duskfall;6kHWyrEP6fus2LKJU5BNZg
Mercenary;7I4cvfefaKzYwdihC3n2y1
Nasum;7ubUEBqbef0F5Z7GLo1t8j
Brutal Truth;4TvgUScBiJZP1P9V1tmMPi
Insect Warfare;0aYwzdDqX80Li5uMaC4bgK
Magrudergrind;1zVJfLMaN1eeiz4NVdI1Mh
Wormrot;3vMnvW7u5207ATyxTQIxNz
Pig Destroyer;4raqfuxaWjPjrOQGb6zoa7
Napalm Death;3UqRgrDIQ208yNGiWKRMNt
Agoraphobic Nosebleed;5DVkkJqypmjmRLJL9UurmI
Internal Rot;3bs4CASlIX4kz5s81SfUX6
Nails;69a2GzMCkrrTrN9iVmP8Ys
Exhumed;2OjtmMho2pBS86zQ1PliRu
Gutalax;5CmgfDQq0YVKMP6zpjYhPR
Full Of Hell;1i5rlthy5CmAYWaFOB0jhz
Mortician;34PPy9Ut9m8qB8BnmCiVmO
Gaza;6F6C7Szo2ndt2re6G6WE54
God Mother;4m4mM8KMQd8gtIFC4SOGHL
Weekend Nachos;6YeWEWziBhykLo5PQxpvQ6
Dead in the Dirt;44jDvLRX5YIUBQ7th8xw6G
Brujeria;1VV61UepOgsPiOjljK6mBY
Trap Them;1QXcKL8Ggy8uCA23mFKgws
MxMxM;0seAkwyfTx6R3xT4jDvkua
Rhapsody;0zQfrabOFYf36Ikb6PXcCY
ANGRA;7IAXZaLTb6nkJr8RmVPn5y
Twilight Force;0tO6ALWmduAbneXoHmnl2T
Luca Turilli;2jqA2OsMhBDu0M2GLDIvsH
Edguy;3AGFqPP3gt5rMSvhR87Xxu
Sonata Arctica;5YeoQ1L71cXDMpSpqxOjfH
In Extremo;4MAvEYtgY8yNljGP697n4F
Orden Ogan;3t5X2CVDf5mrlIx1SdvWYM
Dragonland;5qwH9gKvchSfuv8V6pBU71
Gamma Ray;6LZE884lDIsCSLHuTplfGp
Bruce Dickinson;7Iffw1nP3NjCWkRIx3Ily9
Turisas;0ykT1si9XRFPmEvWOnf4YI
Marduk;2lxB5NTcQXj7GGRR4xAVaH
Ifernach;4OSPtOO4hNljpKoi4YN1Is
Massemord;018gIUaP08hROTOiVdiEQ3
Judas Iscariot;5G1MlYyOsiG56mjlsZHsLC
Posthum;7MQo05KpBayRxPm9hkTmXZ
Slidhr;77VZhI79f6lzshSx5YNrcw
Hegemon;5KloIT5bV4mnTXMNYetENE
Voidhanger;2ZSW0szEGfW7xi3P67OIOw
Liturgy;5PIuMlRY9PSLUSFzs6lQu1
Misericordia;7Hrplpu94RU1vSclRROPGS
Tulus;3YIfnAdb1VsyR6wCSmQen7
Order of Orias;12lmG2LvSHtm6yxioeq7g7
FROST Official;49skVfbc2WfqgSgsGJBaz1
Belphegor;1uPIYn2IU0IuPWSZ58kzyM
The Deathtrip;66Q48MOSYjQN4eYW9XNKGA
Vardan;0phDemf1X7hH9HYltuOaGw
Svatan;1kLo8SDhyjCNEgsPMtRIuc
Emperor;6jPWrSmxOd9mj7Xaj4EP2Y
Immortal;2mVTkiwfm4ic6DnHpmFq8K
Undivine;4BPucEo3UudByoX0w5jxE3
Këkht Aräkh;72unU2j2vnNWFiITlvx2nv
Darkthrone;7kWnE981vITXDnAD2cZmCV
Mgła;2hbkBlGBgvJkC3tpUn9w4C
Nargaroth;0aIcU4OHpKl7lpcRQp32Eo
Burzum;7L6u6TyhjuwubrcojPeNgf
Bathory;6rBvjnvdsRxFRSrq1StGOM
Batushka;15LsRgSmN0t8VLcsUFYW5J
Happy Days;0Csv0ChHA3vtRvuVc1a671
Gorgoroth;1Dt7cfRzxM8qPVa82jX9y5
Dark Funeral;21ojeH5LNADIGzJKc3hIlE
Ulver;6bYFkBNvayh3nGqxcPp7Sv
Leviathan;6CJU2RwwB10D0KoYYqWYeM
Enslaved;2HmtB6wVRRi3z0JwZHtkiD
Windir;2ytfu1MWsf763hCBQmaQr6
Xasthur;0nH9qzKJMfrJNnF37nDaVj
Beherit;3EHztVB0kFpqp0N8MlmD1X
Nazghor;1Yj3Q9JEqpFCytALOgE1oI
Absu;3eVkhnD2UKVjX5uiUsqfXP
Watain;4OpHsZuhfJMU9PZ3zkyUQX
Abigor;3YQNyPeDonpYjB9N92VclR
Pleń;7juSihu79KQHGP3qGT08hr
Cisza;6oRUpEspPEeQZgRqOEw7q5
Hegeroth;78cfAdZfB8vBFYqTxpOnfm
Uburen;05piGk6N8G495RPMAbRMtO
1349;150xbiJGnTy1tSBZ9EFKnT
Tsjuder;0sD9rwKo3qPBs32gi97FNn
Deafheaven;4XpPveeg7RuYS3CgLo75t9
Drudkh;4q5mj9YpaYesKvHzN8XYve
Blut Aus Nord;0c0xIXQhCbmtvzM93liaSf
Shining;7wqTItc5qEyIwWw5ksN1Ya
Taake;2CofVEvqc6hhyKwYsLiuN9
Carpathian Forest;0sFntmE9T1tiF6G6O6Lm3H
Lord Belial;7gVIcvxZLQ9mKI7k6tXQdq
Samael;1WXagRGw8AveVrRxDfUjli
Behexen;2A56suoU3YFYLIp7wHde6c
Silencer;3WUkdVepznfwJYUSVztTU9
Wolves In The Throne Room;5lqyPWmAivV75tII5Vxpet
Ravenstorm;2HwkKXjcwlmQlZ71LKyhVX
Kampfar;35nZyw3d7OIbhGeqBEPIYQ
Urgehal;4rsH5QGFETyQgsmU17kbVS
Gehenna;3w4WGYze63IoclVTBW3WYn
Summoning;5BViLZRXrRfhPDokkbYiMy
In The Woods...;41E3QF87uVy2sVvX2TobhI
Suizid;7BpngRLZOmlgnuEUzxVPqL
Negură Bunget;6wLgoPmccgFkKpjPYvJqtM
Lunar Aurora;6eDLyjHVlfYmOFlY7pdiNK
Paysage D'Hiver;7cQYuSfsavW0BrcspRRJMi
Furia;716FAfHQEcUgeHYzGf5h0V
Odraza;66Q8QR3EYpqlsZV2pe2sSR
Belial;3TrTSBxfdbW4DRRojiTGiG
Wiegedood;1JjP30v8j95bAMZN3ws8Kb
Arckanum;7CXgiYtZiPnwxHM8ad4hNZ
Deströyer 666;67T5lWCllFJE7hDrslnxYK
Spectral Wound;3i6zP2x9GMBV3WyRzqQtM6
Bethlehem;60hOd90CQglmxfBYSO7dqV
Enthroned;5lmT6zZl7aPNg8hv5UrJGz
Goatwhore;59YfPxuxGghrdPumu6aFKI
Ghost Bath;37Vukf7o6CBPG68BRDpStb
Borknagar;0vxxsjcDy61x5zvrOqwHIL
Ragnarok;2NOuABTjilCHH7RNw439Vq
Nattefrost;6Ku1v7iIC5rxuiyBbIHc03
Advent Sorrow;5D95DPWHohrzVbdublZQKR
Aura Noir;4S2qftLTvdEFvIPPTYmeg6
Istapp;6jiRPDlSiIzrd8dzFs2yzM
Dødheimsgard;4EzPNgGmh8l2xPoTEgivT8
Kvist;50gx3ivHqUgljN0S1y8aXF
Nachtmystium;5Cz18ETgjR6kcVMUK0YOqD
Black Witchery;3RXj9fwr1K643YKUUaW0MP
Master's Hammer;01Ug80e1uX3An6w4wLdULd
Craft;0hkIlpV0isEixFIr74VfZm
Armagedda;0eeb5kjRNxsUReSblX2ApI
Sigh;4VUguuy2qoVGDMwH1tL7Qr
Blaze of Perdition;06UcKJxYJXthEwn0c8XOCt
Hulder;65vrcJ67suxLePeEhUtLLo
Ljå;2Fj3tfJcQ93drqfC5cVIDB
Blasphemy;6LjCtCPlOe8GkYz09XeQH5
Svartidaudi;2u9kJMfjnv8FPLtTP3zLWo
Faidra;7tFEGtwzT5kT9Gn2zq8fHu
Human Serpent;38Py47zsWsfpPuKfBuPpwH
Kalmankantaja;6cvfJNOW4ZAMiSVLEbeP8P
Zyklon-B;6S9MYO3XnGeE3fsHPt7Y4f
Jute Gyte;5BcyC1kDwKjVKc78Y67smO
Countess;6knDZcDZ3KR7XmO62z6Dup
Sorhin;3t1NUADko4V2E1uefz4fqZ
Besatt;3Ty70R0qq5kGGiTwkexv8Y
Funereal Presence;41gsLwzRav9guke6qG0k8l
Morok;0oLq6oMo40XyxLAQylR5vJ
Asagraum;0vYB7kRlczfzsOnK49N7D2
Hoobastank;2MqhkhX4npxDZ62ObR5ELO
Staind;5KDIH2gF0VpelTqyQS7udb
Soulfly;6159IBm5gLPwG4BcJXseXc
Evanescence;5nGIFgo0shDenQYSE0Sn7c
Taproot;319rafipfKvd4cqaOwWIvA
Crazy Town;4iSKnRZAxkmqNok6tv10Se
Alien Ant Farm;6TZdvF1kFzwnQLgHQynzsO
Finger Eleven;0niJkG4tKkne3zwr7I8n9n
Trapt;1UdQqCUR7RwB9YYJONwbdM
Incubus;3YcBF2ttyueytpXtEzn1Za
Flyleaf;4IliztYDlfMvzQzbx50o60
Kid Rock;7dOBabd5O4CvKrg4iriHTM
TRUSTcompany;21ALJSG7U07dShegeJQ2xA
Mushroomhead;18absyD7lQaXUDBXnyzU8M
Kittie;0ImEDe9tW5n4pxHOK39zIc
Earshot;6eeYhqOX2cpsiHY6gVuvPA
Nonpoint;6BdSOHfQ6kMg0tbAFlXR1z
Sevendust;35Uu85Pq33mK8x1jYqsHY2
Flaw;4hFScNSgSkApFw193xlyH7
Snot;6TnlohrPbZ8D0JvJp9S1t8
Adema;3n4ersmDo55xV4fPSCKpXb
Ill Niño;1xJ6l1VXgGuyZ0uhu27caF
Spineshank;6fmbbxNvgHkglIakp1Wrv4
Lacuna Coil;4OAddazJM576euUnFSvXSL
HIM;74aLweE8FHHf4yN5TWv1GM
Paradise Lost;0gIo6kGl4KsCeIbqtZVHYp
Moonspell;17bYSQ9ZRnreVnJjE5X2x6
Tiamat;5SwHKKNKYToC1YzWVNWAIN
Unto Others;1W5khHrkcznsyChxwIBfAI
The Gathering;2kO6zjt4a1OIqxOERhliEX
Katatonia;2CWWgbxApjbyByxBBCvGTm
Hoaxed;6Qp3V8BMdQRvQg696Ih863
Lake Of Tears;13ltbymjg9upz4wOoF5TTs
Draconian;1TX9g1uSl0B0DQIE9lBqmU
The Vision Bleak;4UAUIsAgagejBNiobLmeSR
Sentenced;5jQPKWBobu6cJwGSbbqgCk
My Dying Bride;7iMWWdRNiCJwGOGEIYr02z
The 69 Eyes;0Z1UczcSjwKNuv4HgdjH3b
Light of the Morning Star;3hLbhY1LYGckGGlhUTteTQ
Poisonblack;1mBXJUab9jbcHhYxMuWbxO
Angtoria;2XboXFS9ENxbne9aajZlAc
For My Pain...;6s5biOReFi1Oe9GQOG0nsL
Charon;2FBDDo06NZR5B7qOzmMxq9
Anathema;0ZXKT0FCsLWkSLCjoBJgBX
Evereve;7t2RUEJpH75zDwWj37hfnC
Tristania;2EOmvmVtYMTgn45w9mWUTV
Helevorn;2P6YT8t4urGUSESUOiSnDl
Green Carnation;1ZaJhNBAhJ3HjPsWiB9sDc
The Man-Eating Tree;6WXlGSfgUApP9UCG8npAM8
Lacrimosa;57ekbx9PSS4ORs5wTZMSYp
Funeral;0q3guqlmd8oVaz5v2Fqy3q
Darkseed;2mr8wfUUxK4IVUIl5qeBq3
UnSun;6gOet6ki04ZkASl49nF37y
Inner Missing;5WveblzwVQpNhLPSqptxJU
Beastmilk;5xBXPAkSreD9xAYlpGfzwU
Catafalque;0NUiVwtONvViKYaqXhBApz
Celtic Frost;4ZISAmHmQUDCpv8xydqeKG
Edge Of Sanity;1Mcy1ngqEXUXXEQEpUDGix
Saviour Machine;2eXM6plUGS4TET0MuIy0hT
Wolvennest;6r4OXTv5GG4cGuCk6bcihV
Theatres Des Vampires;4vNrZHCyGyELnv8tAgZZRt
On Thorns I Lay;7bGopU168qloFmaY1OcSwv
Wine from Tears;3gzZotbG6eG4mVSjc5NH1j
Mandragora Scream;1AYR9Ow3g2tzBY9mQYCZUv
VV;5QeGMmMBYG14aeTzkVny1l
Heavenwood;68jo4R3KEl2yfrMoYCiAVg
Mortal Love;2sWjvNPEMH9YAmDKNLFqR5
Lethian Dreams;0Qbh2M6eHClBu2UYzdmWMo
Penumbra;4LMOrQtDq76ar9W4d2FsRk
A Pale Horse Named Death;6DX31A4wAIGzrnZXYYXUke
Aesma Daeva;2hI2mYVRxGZjwCZrETOCtJ
Coronatus;0SWKrljgHUNYD3KplPchyG
To/Die/For;6odEUy7osvwibc1yNvxt5u
Creamatory;2mE93ctDBxbvwwJ4TjwzNe
When Nothing Remains;4ZYfJQ4ifRU9q4zGCY9cLJ
Dreadful Shadows;3sUQEqBeYdTDYEd00f6wfb
Katra;6cOUrOgpVQFlmvVJ4wVb1v
The Sins Of Thy Beloved;0eFg9cfr8pPciNtqP5s14S
Weeping Silence;1bdGvyKpEWvY2DYWcTfyTj
Warrel Dane;1qrGnVZhEO4vX3ahn4RY1r
Fall Of The Leafe;74wuD78VWnyGSwDvVtrQwn
The Foreshadowing;6E1AERKe6DMmO8bl35xkUF
Entwine;3PgNlHzp2aZ46SHJVQzdSU
Creeper;0nV7SiEIVtPLTSJ6NwWDGj
ReVamp;4LPznDHsWRPbEivBW6aYqv
Amberian Dawn;01DQQFGEOzbFugH5FcVAgI
Leah;5JrVokmullzV1zq8M8iP69
Dark Moor;0YWKRTzA4kBceGwjywtMkh
Leaves' Eyes;63qODcvBCdG2kTguOJkEqJ
Damageplan;4fE4Bf0MM6lMJpHiHniPuW
Exhorder;5kuYamMO00pHPdRQcAXWTl
DevilDriver;79el7mcHYhXYW3Zek21i0L
Chimaira;0kO2SRhHlmMIeyJHfHy3c9
Ektomorf;7lyUcNJUvtC0K7ufpLMvpg
Throwdown;18jFO6Z2Bpdv5jp8mXfChN
Alien Weaponry;2vov4zolAP7zbIhB5CsIPm
Employed To Serve;58d50jBQXhOetEGuSBgu64
HELLYEAH;4hxDvVq5t8ebPYPdBl1F9f
Overkill;0NmYchKQ8JIR9QHYJA0FRe
Full Blown Chaos;1zABhVAXI7p40y57hnfDlV
Ankla;0j34pZchl89eVDp2AUwa0e
Grave;28imYdYhi5ieRXvgYwiIdi
Skinlab;3UuqXbqtygNK5ZtNggr5S7
Rob Halford;7CTjkl9M3enzBBfm1u10Sy
Sanguisugabogg;0n98EIfTSiyxUZHUojHykN
Grip Inc.;1P2DRfEZ7OPvTKXxUxxuRc
Bear Mace;7bpYbAeJkSr4R95J9nVtLm
Pro-Pain;56F64pmwSSCcmS1CxAnPk8
Grove Street;41hQlpi3r8ljXeRYbHbUBD
Gorefest;3QWSC5ZtiBj1Kfr2BL46lW
Extinction A.D.;1AVn1BUp281M9gQhYCrvGQ
Nailbomb;4Q6EFOghPrRjdwsF4p7Nzm
Adrenaline Mob;1OiOWEQ9miUl9QbCX5JNza
Motograter;6zH6MYHlV28nhVXdXCUx9k
Helmet;0qB0cTENhSUc0feov5qbg0
Nevermore;1wUArE0NhHB8M1bU2WSplY
Incite;2QMngsbAfyIglYdFpefrQA
ONI;6Rnp9z01jyCXbdynsTOQLB
Pissing Razors;2HHmUpjfOer1ovBD4uvpaL
Savage Existence;5lYpdXpc0hJoXXMac4VUok
The Showdown;0czrRMrpOxgJbuC5YD2jlv
Dire Straits;0WwSkZ7LtFUFjGjMZBMt6T
Creedence Clearwater Revival;3IYUhFvPQItj6xySrBmZkd
Rage Against The Machine;2d0hyoQ5ynDBnkvAbJKORj
Red Hot Chili Peppers;0L8ExT028jH3ddEcZwqJJ5
Bon Jovi;58lV9VcRSjABbAbfWS6skp
The Rolling Stones;22bE4uQ6baNwSHPVcDxLCe
Audioslave;2ziB7fzrXBoh1HUPS6sVFn
Nirvana;6olE6TJLqED3rqDCT0FyPh
3 Doors Down;2RTUTCvo6onsAnheUk3aL9
The Doors;22WZ7M8sxp5THdruNY3gXt
The Animals;3ICflSq6ZgYAIrm2CTkfVP
Heart;34jw2BbxjoYalTp8cJFCPv
The Who;67ea9eGLXYMsO2eYQRui3w
Coldplay;4gzpq5DPGxSnKTe4SA8HAU
The Hives;4DToQR3aKrHQSSRzSz8Nzt
The Offspring;5LfGQac0EIXyAN8aUwmNAQ
Lenny Kravitz;5gznATMVO85ZcLTkE9ULU7
The Dandy Warhols;7siPLyFwRFYQkKgWKJ5Sod
Lifehouse;5PokPZn11xzZXyXSfnvIM3
Nine Days;306JHpIRGVaQd6OltnOzUO
Radiohead;4Z8W4fKeB5YxbusRsdQVPb
A Perfect Circle;4DFhHyjvGYa9wxdHUjtDkc
U2;51Blml2LZPmy7TTiAg47vQ
Matchbox Twenty;3Ngh2zDBRPEriyxQDAMKd1
Goldfinger;7sVQKNtdP2NylxMgbNOJMM
Millencolin;74xFFXkvOq9dPDigOWTHiX
Fuel;0EyuKHE1AeE9lWUF8mzKVp
Powderfinger;6LBCQo20ri3tsvbsWWLmr6
Green Day;7oPftvlwr6VrsViSDV7fJY
blink-182;6FBDaR13swtiWwGhX1WQsP
Barenaked Ladies;0dEvJpkqhrcn64d3oI8v79
Switchfoot;6S58b0fr8TkWrEHOH4tRVu
Everclear;694QW15WkebjcrWgQHzRYF
OPM;5X2XAU0eSvRPWUl9hUb9mV
Queens of the Stone Age;4pejUc4iciQfgdX6OKulQn
No Doubt;0cQbJU1aAzvbEmTuljWLlF
Eve 6;4Eqd24yS5YcxI8b6Xfuwr8
At the Drive-In;5E2rtn57BM2WPjwak4kGd5
Mark Knopfler;0FI0kxP0BWurTz8cB8BBug
Ariana Grande;66CXWjxzNUsdJxJ2JdwvnR
The Wanted;2NhdGz9EDv2FeUw6udu2g1
P!nk;1KCSPY1glIKqW2TotWuXOR
Miley Cyrus;5YGY8feqx7naU7z4HrwZM6
Flo Rida;0jnsk9HBra6NMjO2oANoPY
Katy Perry;6jJ0s89eD6GaHleKKya26X
Justin Bieber;1uNFoZAHBGtllmzznpCI3s
Sara Bareilles;2Sqr0DXoaYABbjBo9HaMkM
Selena Gomez & The Scene;6dJeKm76NjfXBNTpHmOhfO
Harry Styles;6KImCVD70vtIoJWnq6nGn3
Lady Gaga;1HY2Jd0NmPuamShAr6KMms
SZA;7tYKF4w9nC0nq9CsPZTHyP
Kesha;6LqNN22kT3074XbTVUrhzX
Charlie Puth;6VuMaDnrHyPL1p4EHjYLi7
Twenty One Pilots;3YQKmKGau1PzlVlkL1iodx
The Chainsmokers;69GGBxA162lTqCwzJG5jLp
The Weeknd;1Xyo4u8uXC1ZmMpatF05PJ
Paramore;74XFHRwlV6OrjEM0A2NCMF
Nicky Youre;7qmpXeNz2ojlMl2EEfkeLs
Demi Lovato;6S2OmqARrzebs0tKUEyXyp
FIFTY FIFTY;4GJ6xDCF5jaUqD6avOuQT6
Britney Spears;26dSoYclwsYLMAKD3tpOr4
Coi Leray;6AMd49uBDJfhf30Ak2QR5s
Fifth Harmony;1l8Fu6IkuTP0U5QetQJ5Xt
RAYE;5KKpBU5eC2tJDzf0wmlRp2
Jonas Brothers;7gOdHgIoIKoe4i9Tta6qdD
Post Malone;246dkjvS1zLTtiykXe5h60
Mumford & Sons;3gd8FJtBJtkRxdfbTu19U2
ConKi;2oBcbbUQy8Md3FYXifyPTF
Taylor Swift;06HL4z0CvFAxyc27GXpf02
Avicii;1vCWHaC5f2uS3yhpwWbIA6
Dua Lipa;6M2wZ9GZgrQXHCFfjv46we
DNCE;6T5tfhQCknKG4UnH90qGnz
ZAYN;5ZsFI1h6hIdQRw2ti0hz81
Libianca;7kjSuFGKhLm8b5qXoMhRkJ
Sia;5WUlDfRSoLAfcVSX1WnrxN
Justin Timberlake;31TPClRtHm23RisEBtV3X7
Lily Allen;13saZpZnCDWOI9D4IJhp1f
The Pussycat Dolls;6wPhSqRtPu1UhRCDX5yaDJ
David Kushner;33NVpKoXjItPwUJTMZIOiY
Maroon 5;04gDigrS5kc9YWfZHwBETP
Ne-Yo;21E3waRsmPlU7jZsS13rcj
Rihanna;5pKCCKE2ajJHZ9KAiaK11H
Allocai;35hdnctklAphlKzgR8aHpq
Fergie;3r17AfJCCUqC9Lf0OAc73G
Nicki Minaj;0hCNtLu0JehylgoiP8L4Gh
Ed Sheeran;6eUKZXaKkcviH0Ku9w2n3V
Bad Bunny;4q3ewBCX7sLwd24euuV69X
A!MS;4kRfa7RBzBu7mxeWo3FkOe
Black Eyed Peas;1yxSLGMDHlW21z4YXirZDS
MAGIC!;0DxeaLnv6SyYk2DOqkLO8c
Token;4cUfFbVZGSsJWdbfmkdxYq
James Blunt;7KMqksf0UMdyA0UCf4R3ux
Pharrell Williams;2RdwBSPQiwcmiDo9kixcl8
NewJeans;6HvZYsbFfjnjFrWF950C9d
OneRepublic;5Pwc4xIPtQLFEnJriah9YJ
Ridi;4dWZYIVD1EhyDVfc812o81
Bastille;7EQ0qTo7fWT7DPxmxtSYEc
David Guetta;1Cs0zKBU1kc0i8ypK3B9ai
Mark Ronson;3hv9jJF3adDNsBSIQDqcjp
Jessie J;2gsggkzM5R49q6jpPvazou
Adele;4dpARuHxo51G3z768sgnrY
Dizzy Wright;1LrWZc2qPhRCHyr6XtpBxq
PinkPantheress;78rUTD7y6Cy67W1RVzYs7t
Ghostluvme;6KtRA9pyDcbDyanI7bfU8W
Beyoncé;6vWDO969PvNqNYHIOW5v0m
Magaziine;3xjcG7v8LXQsZ6vF4OkLIs
Bruno Mars;0du5cEVh5yTK9QJze8zA0C
MIKA;5MmVJVhhYKQ86izuGHzJYA
Jessica Lowndes;1XNfue8YO5vg53LLS2yYcP
*NSYNC;6Ff53KvcvAj5U7Z1vojB5o
CeCe;3o3cMu8wu8ANNYLo660Sgs
Avenza;3JiUaQMWZ4yBAXzpNTliCq
Shawn Mendes;7n2wHs1TKAczGzO7Dd2rGr
Isla-Maria;0UcBS2Tdt2sTfRM7VWwpr6
Drake;3TVXtAsR1Inumwj472S9r4
Kelly Clarkson;3BmGtnKgCSGYIUhmivXKWX
Calvin Harris;7CajNmpbOovFoOoasH2HaY
Anzyeity;70bFGn5xdE74H0YNFVH3Mq
Camila Cabello;4nDoRrQiYLoBzwC5BhVJzF
Zara Larsson;1Xylc3o4UrD53lo9CvFvVg
Burnbaby;4KWSdylb2Wg5cOzsc67CfN
Vanessa Carlton;5ILrArfIV0tMURcHJN8Q07
Max Muscato;5pAe2eegodCX6SgWvyZPoR
YNG ONE;0mw5IvNlzA5ffURD1lo4Li
Outkast;1G9G7WwrXka3Z1r7aIDjI7
JulesXLa;7q07NOqKRoo35pAHQR1U7J
Iggy Azalea;5yG7ZAZafVaAlMTeBybKAL
lilbubblegum;5FF8xJSW4qUVU8bk79KYLT
Avril Lavigne;0p4nmQO2msCgU4IF37Wi3j
Andrew Southworth;2jxpKAMepbt3QvXQlXy0zM
Keane;53A0W3U0s8diEn9RhXQhVz
MEDIKAL;1HCBjtUbCVE4NasMBXZwuE
BLKPRL;6rPIMLDp29I1LgFB4JPZn2
Alicia Keys;3DiDSECUqqY1AuBP8qtaIa
PETER LAKE;2LO6MZ0w06BnfgIfoJHIe6
Metro Boomin;0iEtIxbK0KxaSlF7G42ZOp
Imagine Dragons;53XhwfbYqKCa1cC15pYq2q
Robbie Tripp;5isusIcuKBmXxSja93hu7x
Conor Ross;508wtStPsMdIxMButKYnOS
Jassper;0RCT5wUnO3ZeszImpb2ieh
Lijay;3Ph8hNhDsxyruCsu6QyNfJ
Gotye;2AsusXITU8P25dlRNhcAbG
Carly Rae Jepsen;6sFIWsNpZYqfjUpaCgueju
Dom Corleo;6nFBSlEb2tkIOH3YtIIw6F
Gwen Stefani;4yiQZ8tQPux8cPriYMWUFP
Hozier;2FXC3k01G6Gw61bmprjgqS
Flight;5e4gmiVV4XkRfnXhqRBEOk
Meghan Trainor;6JL8zeS1NmiOftqZTRgdTz
One Direction;4AK6F7OLvEQ5QYCBNiQWHq
The Kid LAROI;2tIP7SsRs7vjIcLrU85W8J
Chris Brown;7bXgB6jMjp9ATFy66eO08Z
JVKE;164Uj4eKjl6zTBKfJLFKKK
Lukas Graham;25u4wHJWxCA9vO0CzxAbK7
Daft Punk;4tZwfgrHOc3mvqYlEYSvVi
JoTre;6qiFxoq2qHffwKT2nWZSxh
Kanye West;5K4W6rqBFWDnAN6FQUkS6x
Charli XCX;25uiPmTg16RbhZWAqwLBy5
Tuanxeo;0PV4Viq0Yl4jOAWN5EGgbH
Robin Thicke;0ZrpamOxcZybMHGg1AYtHP
Aaliyah;0urTpYCsixqZwgNTkPJOJ4
CeeLo Green;5nLYd9ST4Cnwy6NHaCxbj8
Ca$hrina;3E0WdrbECMaVd8BQCojfzY
Sam Smith;2wY79sveU1sp5g7SokKOiI
Doja Cat;5cj0lLjcoR7YOSnhnX0Po5
LMFAO;3sgFRtyBnxXD5ESfmbK4dl
Fake Fever;3zOTx9QAAUDhmwiLkLLD7T
Julia Michaels;0ZED1XzwlLHW4ZaG4lOT6m
Cascada;0N0d3kjwdY2h7UVuTdJGfp
Lorde;163tK9Wjr9P9DmM0AVK7lm
Tafari Anthony;5lo6XXV9M4PS0g4QP5NVfg
MARINA;6CwfuxIqcltXDGjfZsMd9A
Icona Pop;1VBflYyxBhnDc9uVib98rw
DJ Paul;2ledyuziz6YjLK5Dw483Oc
Martin Garrix;60d24wfXkVzDSfLS6hyCjZ
PSY;2dd5mrQZvg6SmahdgVKDzh
Rema;46pWGuE3dSwY3bMMXGBvVS
Destiny's Child;1Y8cdNmUJH7yBTd9yOvr5i
d4vd;5y8tKLUfMvliMe8IKamR32
Ku$h Drifter;17PKqjvXIlUPIx2TrwnVnb
Galantis;4sTQVOfp9vEMCemLw50sbu
Jacob Tillberg;6aJRwrwfOffz7RMh2Cfm8e
Christina Aguilera;1l7ZsJRRS8wlW3WfJfPfNS
Portugal. The Man;4kI8Ie27vjvonwaB2ePh8T
Tove Lo;4NHQUGzhtTLFvgF5SZesLK
Major Lazer;738wLrAtLtCtFOLvQBXOXp
Ellie Goulding;0X2BH1fck6amBIoJhDVmmJ
Selena Gomez;0C8ZW7ezQVs4URX5aX7Kqx
Hailee Steinfeld;5p7f24Rk5HkUZsaS3BLG5F
Echosmith;1PbBg2aYjWLKRk84zJK15x
Kygo;23fqKkggKUBHNkbKtXEls4
Neon Trees;0RpddSzUHfncUWNJXKOsjy
Lewis Capaldi;4GNC7GD6oZMSxPGyXy4MNB
metr;0RAWgVjsAEhbXPhqPGqd8n
Alex Martura;37tjt3cGt6FQPLu6IsorqP
Wiz Khalifa;137W8MRPWKqSmrBGDBFSop
Pitbull;0TnOYISbd1XYRBk9myaseg
Prefekt;3eOHF8AOlfi4qzTYhTuhxS
Jung Kook;6HaGTQPmzraVmaVxvz6EUc
Troye Sivan;3WGpXCj9YhhfX11TToZcXP
Billie Eilish;6qqNVTkY8uBg9cP3Jd7DAH
Olivia Rodrigo;1McMsnEElThX1knmY4oliG
Stephen Sanchez;5XKFrudbV4IiuE5WuTPRmT
Morgan Wallen;4oUHIQIBe0LHzYfvXNW4QM
Reneé Rapp;2hUYKu1x0UZQXvzCmggvSn
Mae Stephens;311uEW9rt5g2NmzjGEKS2E
Sabrina Carpenter;74KM79TiuVKeVCqs8QtB0B
Kali Uchis;1U1el3k54VvEUzo3ybLPlM
Ice Spice;3LZZPxNDGDFVSIPqf4JuEf
DJ Khaled;0QHgL1lAIqAw0HtD7YldmP
Doechii;4E2rKHVDssGJm2SCDOMMJB
Anitta;7FNnA9vBm6EKceENgCGRMb
KAROL G;790FomKkXshlbRYZFtlgla
Niall Horan;1Hsdzj7Dlq2I7tHP7501T4
TOMORROW X TOGETHER;0ghlgldX5Dd6720Q3qFyQB
Lana Del Rey;00FQb4jTyendYWaN8pK0wa
Lauv;5JZ7CnR6gTvEMKX4g70Amv
Loreen;49aaHxvAJ0tCh0F15OnwIl
Torine;6gpY6HHTGZp0sTLsxsSNqo
Clean Bandit;6MDME20pz9RveH9rEXvrOM
Jason Derulo;07YZf4WDAMNwqr4jfgOZ8y
Hande Yener;08mjMUUjyTchMHCW7evc3R
Ava Max;4npEfmQ6YuiwW1GpUmaq3F
Anne-Marie;1zNqDE7qDGCsyzJwohVaoX
